                  epoch,         train/box_loss,         train/cls_loss,         train/dfl_loss,   metrics/precision(B),      metrics/recall(B),       metrics/mAP50(B),    metrics/mAP50-95(B),           val/box_loss,           val/cls_loss,           val/dfl_loss,                 lr/pg0,                 lr/pg1,                 lr/pg2
                      0,                 1.0263,                 2.0607,                 1.4491,                0.56417,                 0.5107,                0.54264,                 0.2793,                 1.6054,                 3.3424,                 2.2502,                0.00038,                0.00038,                0.00038
                      1,                0.92456,                 1.4184,                 1.3714,                0.86778,                0.66231,                0.84816,                0.47509,                 1.2518,                 2.7821,                 1.9525,              0.0003939,              0.0003939,              0.0003939
