                  epoch,         train/box_loss,         train/cls_loss,         train/dfl_loss,   metrics/precision(B),      metrics/recall(B),       metrics/mAP50(B),    metrics/mAP50-95(B),           val/box_loss,           val/cls_loss,           val/dfl_loss,                 lr/pg0,                 lr/pg1,                 lr/pg2
                      0,                  3.161,                 3.3756,                 4.1232,                 0.0026,                0.89286,                 0.1134,                0.02025,                 3.2079,                 4.2131,                 4.1246,                0.00038,                0.00038,                0.00038
                      1,                 2.8921,                 3.1669,                 3.8926,                 0.0026,                0.89286,                0.15669,                0.04559,                  2.984,                 4.1189,                  3.945,             0.00062556,             0.00062556,             0.00062556
                      2,                 2.8067,                 3.0906,                 3.7088,                 0.0026,                0.89286,                0.19781,                0.06025,                 2.6092,                  4.635,                 3.2736,             0.00071272,             0.00071272,             0.00071272
                      3,                 2.6852,                 3.0357,                 3.5149,                0.00271,                0.92857,                0.25934,                0.07132,                 2.4748,                 4.1188,                 3.2009,             0.00064148,             0.00064148,             0.00064148
                      4,                  2.532,                 2.9356,                 3.3639,                0.01061,                0.85714,                0.16724,                0.05057,                 2.8808,                  4.232,                 3.3804,             0.00041184,             0.00041184,             0.00041184
